Counter Party,Amount (GBP),Spending Category
Cash Machine (Vietnam),-67.04,PAYMENTS
Cash Machine (Vietnam),-67.04,PAYMENTS
Cash Machine (Vietnam),-99.29,PAYMENTS
Hostelworld,-9.74,HOLIDAYS
Hostelworld,-6.55,HOLIDAYS
Cash Machine (Vietnam),-33.48,PAYMENTS
Cash Machine (Vietnam),-40.29,PAYMENTS
Square Medical Centre Sydney,-38.27,BILLS_AND_SERVICES
Side Bar,-5.79,EATING_OUT
Cash Machine (Australia),-28.91,PAYMENTS
Woolworths,-4.97,GROCERIES
KFC,-0.29,EATING_OUT
KFC,-7.66,EATING_OUT
Wake Up Sydney Central Sydney,-56.35,HOLIDAYS
Woolworths,-6.14,GROCERIES
Sydney Opera House,-84.72,ENTERTAINMENT
Transport for NSW,-10.71,BILLS_AND_SERVICES
Transport for NSW,-5.78,BILLS_AND_SERVICES
Virgin Australia,-143.37,HOLIDAYS
Globetrottrs Interna,-27.15,HOLIDAYS
Airlie Beach Central,-296.06,HOLIDAYS
Mark David,449.57,INCOME
Woolworths Cairns,-2.61,GROCERIES
Fitzroy Island Ferrica Rns,-45.87,ENTERTAINMENT
JB Hi-Fi AU,-7.48,LIFESTYLE
Globetrottrs Internal Cairns,-15.61,HOLIDAYS
McDonald's,-7,EATING_OUT
Laraby Pty,-130.54,TRANSPORT
Peterpans,-60.72,HOLIDAYS
Coles,-14.17,GROCERIES
Cairns Boatshed Pty,-37.01,EATING_OUT
Port Douglas Backpac,-21.97,HOLIDAYS
R B Lowden Pty,-14.46,ENTERTAINMENT
Hostelworld,-8.28,HOLIDAYS
Hostelworld,-2.37,HOLIDAYS
KFC,-8.24,EATING_OUT
Bookme,-39.32,HOLIDAYS
Daintree Crocodylus,-32.38,HOLIDAYS
Arcadia Beach Guest House,-43.89,HOLIDAYS
Woolworths ,-13.5,GROCERIES
Friendly Grocer Cape,-8.92,GROCERIES
Virgin Australia,-0.42,HOLIDAYS
Virgin Australia,-70.36,HOLIDAYS
Greyhound Australia,-32.26,TRANSPORT
Globetrottrs Interna,11.53,HOLIDAYS
Cow Bay Pub Pty,-13.84,ENTERTAINMENT
Cornetts Supermarket,-2.82,GROCERIES
Marano's Fuel,-17.32,TRANSPORT
United Cairns North,-10.36,TRANSPORT
Sealink,-17.47,TRANSPORT
Sandi's,-7.28,EATING_OUT
KFC,-7.03,EATING_OUT
Arcadia Village Hotel Magnetic Isla Aus,-13.98,ENTERTAINMENT
Gilligans Cafe,-3.44,EATING_OUT
Arcadia Beach Guest House,-4.3,HOLIDAYS
Gilligans Cafe,-11.41,EATING_OUT
BP,-5.1,TRANSPORT
Devine Gelato,-3.72,GROCERIES
Hostelworld,-2.5,HOLIDAYS
Cash Machine (Australia),-58.79,PAYMENTS
Gilligans Cafe,-3.43,EATING_OUT
Gilligans Cafe,-11.39,EATING_OUT
Greyhound Australia,-30.02,TRANSPORT
Backpackers By The Bay Airlie Beach Aus,-15.99,HOLIDAYS
Base,-19.87,HOLIDAYS
Boom Nightclub,-13.62,ENTERTAINMENT
Backpackers By The Bay Airlie Beach Aus,-17.39,HOLIDAYS
Ribs & Rump,-11.33,EATING_OUT
Boom Nightclub,-13.62,ENTERTAINMENT
Backpackers By The Bay Airlie Beach Aus,17.35,HOLIDAYS
Boom Nightclub,-4.54,ENTERTAINMENT
Cash Machine (Australia),-116.23,PAYMENTS
Hostelworld,-2.11,HOLIDAYS
ALH Group,-5.44,HOLIDAYS
Woolworths ,-13.08,GROCERIES
City Beach,-5.73,SHOPPING
BWS,-9.16,GROCERIES
Airlie Beach Hotel P,-46.38,EATING_OUT
Airlie Beach Hotel P,-1.72,EATING_OUT
Mark David,530,INCOME
Little Vegas Ent Pl,-14.98,EATING_OUT
Livelife Day Night,-6.91,GENERAL
Livelife Day Night,-6.91,GENERAL
Uber,-12.18,TRANSPORT
Base,-14.92,HOLIDAYS
Fresh N Wild Fish,-16.88,EATING_OUT
Boom Nightclub,-4.61,ENTERTAINMENT
Boom Nightclub,-6.91,ENTERTAINMENT
Ribeiro Group Pty Lt,-14.69,EATING_OUT
ALH Group,-8.64,HOLIDAYS
Tropic Kebabs Airlie,-7.77,EATING_OUT
Hostelworld,-6.64,HOLIDAYS
McDonald's,-6.77,EATING_OUT
Kmart,-30.23,GROCERIES
Starling Bank,0.56,BILLS_AND_SERVICES
Bouie Pty,-20.15,LIFESTYLE
Woolworths ,-14.42,GROCERIES
Jucy Pty,-212.74,TRANSPORT
Mark David,800.38,INCOME
Hello Harry Portside,-10.89,EATING_OUT
Dolphins Backpackers,-45.87,HOLIDAYS
IGA,-4.01,SHOPPING
Cash Machine (Australia),-56.78,PAYMENTS
Sylvan Beach Fish Cafe Bellara,-13.06,EATING_OUT
Sylvan Beach Fish Cafe Bellara,-2.21,EATING_OUT
Thai Square Restaura,-10.96,EATING_OUT
Coles Express,-25.8,TRANSPORT
Dept Of National Parks Brisbane,-3.58,BILLS_AND_SERVICES
Surfcoast Seafoods,-11.89,EATING_OUT
Hostelworld,-5.47,HOLIDAYS
Woolworths ,-18.4,GROCERIES
Cash Machine (Australia),-39.73,PAYMENTS
Byron Bay Backpackers,-34.57,HOLIDAYS
Cellar Byron Plaza By On Bay,-10.21,GROCERIES
Cheeky Monkeys ,-11.92,ENTERTAINMENT
Cheeky Monkeys ,-11.92,ENTERTAINMENT
Woolworths,-2.84,GROCERIES
Cash Machine (Australia),-39.69,PAYMENTS
Starfish Takeaway,-12.19,EATING_OUT
Byron Bay Backpackers,-39.69,HOLIDAYS
Cellar Byron Plaza By On Bay,-23.22,GROCERIES
Cheeky Monkeys ,-3.69,ENTERTAINMENT
Legend Pizza's,-13.04,EATING_OUT
Mark David,300,INCOME
Simmons Bryon Bay,-10.07,EATING_OUT
Byron Bay Beach Hotel,-9.59,EATING_OUT
Caltex,-14.16,TRANSPORT
Bella Rosa Gelateria,-3.67,EATING_OUT
Rentalcartollph131865 Parramatta,-4.4,BILLS_AND_SERVICES
Base,-2.26,HOLIDAYS
Great Northern Hotel,-5.26,ENTERTAINMENT
Coles,-4.81,GROCERIES
Base,-65.71,HOLIDAYS
Success Thai Food,-8.21,EATING_OUT
Airport Retail Enter,-7.52,EATING_OUT
Base,-9.05,HOLIDAYS
Base,-18.11,HOLIDAYS
Coles,-1.25,GROCERIES
Cash Machine (Australia),-33.96,PAYMENTS
Fishheads Bangalow By On Bay,-21.5,EATING_OUT
Uber,-14.14,TRANSPORT
Claypots Seafood Barst Kilda,-33.96,EATING_OUT
Uber,-9.44,TRANSPORT
Acland Express,-14.37,GROCERIES
United Tweed Heads,-4.06,TRANSPORT
The Beer Store,-22.63,GROCERIES
Base Travel St Kilda,-84.89,HOLIDAYS
Sutton And Mark Pl,-23.37,EATING_OUT
Bamboo Acland Pty Lt,-4.54,EATING_OUT
Public Transport Victoria,-9.08,TRANSPORT
Apollo Bay Holiday P,-68.08,HOLIDAYS
BC Car Rentals,-28.44,TRANSPORT
Foodworks,-10.85,GROCERIES
The Lorne Pier Seafood Restaurant,-24.46,EATING_OUT
Foodworks,-5.11,GROCERIES
Ital Baci Pty,-4.49,EATING_OUT
Skybus,-11.09,TRANSPORT
The Wye General,-5.68,EATING_OUT
McDonald's,-6.05,EATING_OUT
BP,-13.68,TRANSPORT
The Meat Wine Co M,-13.06,EATING_OUT
United Retail Group,-17.89,TRANSPORT
Woolworths,-4.45,GROCERIES
Burger King,-7.26,EATING_OUT
